<?xml version='1.0'?>
<home version='6500' exportFlags='27' name='Ahmet Payaslioglu.sh3d' structure='HomeStructure/Home.obj' camera='topCamera'>
  <environment groundColor='00A8A8A8' skyColor='00CCE4FC' lightColor='00D0D0D0'/>
  <observerCamera attribute='observerCamera' lens='PINHOLE' x='50.0' y='50.0' z='170.0' yaw='5.4977875' pitch='0.19634955' fieldOfView='1.0995575' time='1424520000567'/>
  <camera attribute='topCamera' lens='PINHOLE' x='-490.61682' y='75.36757' z='960.96625' yaw='-51.604572' pitch='0.8407968' fieldOfView='1.0995575' time='1424520000567'/>
  <doorOrWindow catalogId='Scopia#puerta' name='Door' creator='Scopia' model='1/puerta.obj' x='203.0' y='3.0831919' width='95.0' depth='13.91945' height='210.0' modelMirrored='true' movable='false'/>
  <doorOrWindow catalogId='eTeks#sliderWindow126x200' name='Slider window' creator='eTeks' model='3/sliderWindow126x200.obj' x='355.5596' y='491.19934' elevation='5.0' angle='6.2792406' width='216.0' depth='8.22985' height='240.0' movable='false'/>
  <doorOrWindow catalogId='eTeks#fixedWindow85x123' name='Fixed window' creator='eTeks' model='5/fixedWindow85x123.obj' x='107.22223' y='471.7814' elevation='87.0' angle='3.1415925' width='117.0' depth='7.6202497' height='145.0' movable='false'/>
  <pieceOfFurniture catalogId='eTeks#kitchenCabinet' name='Kitchen cabinet' creator='eTeks' model='7/kitchenCabinet.obj' x='284.6111' y='107.36922' width='60.0' depth='58.0' height='85.0' color='FFF1FFA4' movable='false'/>
  <pieceOfFurniture catalogId='LucaPresidente#lavello' name='Sink' creator='LucaPresidente' model='9/lavello.obj' x='354.6111' y='107.06922' width='80.0' depth='62.0' height='100.0' color='FFFCFFB1'/>
  <pieceOfFurniture catalogId='Blend Swap CC-BY#kitchenUpperCabinet' name='Upper cabinet' creator='Jay-Artist' model='11/kitchenUpperCabinet.obj' x='311.08884' y='91.41922' elevation='145.0' width='109.4' depth='32.100002' height='77.1' color='FFF1FFA4'/>
  <pieceOfFurniture catalogId='Blend Swap CC-BY#kitchenUpperCabinet' name='Upper cabinet' creator='Jay-Artist' model='11/kitchenUpperCabinet.obj' x='408.7556' y='91.41922' elevation='145.0' width='109.4' depth='32.100002' height='77.1' color='FFF1FFA4'/>
  <pieceOfFurniture catalogId='Blend Swap CC-BY#kitchenUpperCabinet' name='Upper cabinet' creator='Jay-Artist' model='11/kitchenUpperCabinet.obj' x='446.78384' y='148.04982' elevation='145.0' angle='1.5707964' width='109.4' depth='32.100002' height='77.1' color='FFF1FFA4'/>
  <pieceOfFurniture catalogId='Pencilart#stove1' name='Stove' creator='Pencilart' model='13/stove1.obj' x='430.16177' y='166.47145' angle='1.5707964' width='75.0' depth='60.0' height='104.0'/>
  <pieceOfFurniture catalogId='eTeks#kitchenCabinet' name='Kitchen cabinet' creator='eTeks' model='7/kitchenCabinet.obj' x='429.6111' y='104.36922' width='70.0' depth='58.0' height='85.0' color='FFF1FFA4' movable='false'/>
  <pieceOfFurniture catalogId='Blend Swap CC-0#radiator1' name='Radiator' creator='Knyghtfall13x' model='15/radiator1.obj' x='102.66382' y='460.8214' elevation='10.0' angle='3.1415925' width='150.0' depth='14.3' height='60.0' movable='false'/>
  <pieceOfFurniture catalogId='Blend Swap CC-0#radiator1' name='Radiator' creator='Knyghtfall13x' model='15/radiator1.obj' x='458.0431' y='425.15842' elevation='10.0' angle='4.712389' width='110.0' depth='10.0' height='70.0' movable='false'/>
  <pieceOfFurniture catalogId='eTeks#bed140x190' name='Bed 140x190' creator='eTeks' model='17/model.obj' x='103.97667' y='351.7714' angle='4.712389' width='158.0' depth='208.0' height='70.0'/>
  <pieceOfFurniture catalogId='eTeks#glassDoorCabinet' name='Glass door cabinet' creator='eTeks' model='19/model.obj' x='19.326654' y='237.7714' angle='4.712389' width='70.0' depth='38.7' height='198.2'/>
  <pieceOfFurniture catalogId='eTeks#tvUnit' name='TV unit' creator='eTeks' model='21/model.obj' x='437.88525' y='320.15842' angle='1.5707964' width='100.0' depth='52.0' height='93.0'/>
  <pieceOfFurniture catalogId='eTeks#flowers' name='Flowers' creator='eTeks' model='23/model.obj' x='61.169228' y='67.36084' elevation='74.0' width='24.2' depth='22.1' height='49.3'/>
  <pieceOfFurniture catalogId='eTeks#roundTable' name='Round table' creator='eTeks' model='25/model.obj' x='63.86555' y='69.245125' angle='4.712389' width='126.0' depth='126.0' height='74.0'/>
  <pieceOfFurniture catalogId='eTeks#armchair2' name='Armchair' creator='eTeks' model='27/model.obj' x='293.66696' y='448.12073' angle='3.1415927' width='80.0' depth='78.1' height='77.200005'/>
  <pieceOfFurniture catalogId='eTeks#chair2' name='Chair' creator='eTeks' model='29/model.obj' x='67.58448' y='140.22122' angle='3.1415927' width='45.0' depth='42.0' height='80.0'/>
  <pieceOfFurniture catalogId='eTeks#laptop' name='Laptop' creator='eTeks' model='31/model.obj' x='91.905914' y='92.478615' elevation='74.0' width='32.5' depth='35.5' height='19.2'/>
  <pieceOfFurniture catalogId='eTeks#coffeeTable' name='Coffee table' creator='eTeks' model='33/model.obj' x='302.3435' y='318.0271' angle='3.1415927' width='125.0' depth='46.0' height='40.0'/>
  <pieceOfFurniture catalogId='eTeks#curtains' name='Curtains' creator='eTeks' model='35/curtains.obj' x='103.60715' y='442.2214' elevation='8.5' angle='3.1415925' width='150.0' depth='22.9' height='225.0'/>
  <pieceOfFurniture catalogId='eTeks#oven' name='Oven' creator='eTeks' model='37/model.obj' x='289.60107' y='99.26922' elevation='85.0' width='51.5' depth='47.8' height='29.5'/>
  <pieceOfFurniture catalogId='eTeks#plant' name='Plant' creator='eTeks' model='39/model.obj' x='427.9649' y='457.78372' angle='1.567309' width='58.0' depth='50.0' height='82.0'/>
  <pieceOfFurniture catalogId='eTeks#flowers' name='Flowers' creator='eTeks' model='23/model.obj' x='304.59555' y='318.9696' elevation='40.0' width='24.2' depth='22.1' height='49.3'/>
</home>